0,0
1E-05,6.074920096
1E-05,6.074920096
2E-05,24.8417635
2E-05,24.8417635
3E-05,43.6086069
3E-05,43.6086069
4E-05,62.3754503
4E-05,62.3754503
5E-05,81.1422937
5E-05,81.1422937
6E-05,99.90913711
6E-05,99.90913711
7E-05,118.6759805
7E-05,118.6759805
8E-05,137.4428239
8E-05,137.4428239
9E-05,156.2096673
9E-05,156.2096673
1E-04,174.9765107
1E-04,174.9765107
0.00011,193.7433541
0.00011,193.7433541
0.00012,212.5101975
0.00012,212.5101975
0.00013,231.2770409
0.00013,231.2770409
0.00014,250.0438843
0.00014,250.0438843
0.00015,268.8107277
0.00015,268.8107277
0.00016,287.5775711
0.00016,287.5775711
0.00017,306.3444145
0.00017,306.3444145
0.00018,325.1112579
0.00018,325.1112579
0.00019,343.8781013
0.00019,343.8781013
0.0002,362.6449447
0.0002,362.6449447
0.00021,381.4117881
0.00021,381.4117881
0.00022,400.1786315
0.00022,400.1786315
0.00023,418.9454749
0.00023,418.9454749
0.00024,437.7123183
0.00024,437.7123183
0.00025,456.4791617
0.00025,456.4791617
0.00026,475.2460051
0.00026,475.2460051
0.00027,494.0128485
0.00027,494.0128485
0.00028,512.7796919
0.00028,512.7796919
0.00029,531.5465353
0.00029,531.5465353
0.0003,550.3133787
0.0003,550.3133787
0.00031,562.3997344
0.00031,562.3997344
0.00032,562.2706602
0.00032,562.2706602
0.00033,562.141586
0.00033,562.141586
0.00034,562.0125118
0.00034,562.0125118
0.00035,561.8834376
0.00035,561.8834376
0.00036,561.7543634
0.00036,561.7543634
0.00037,561.6252892
0.00037,561.6252892
0.00038,561.496215
0.00038,561.496215
0.00039,561.3671408
0.00039,561.3671408
0.0004,561.2380666
0.0004,561.2380666
0.00041,561.1089924
0.00041,561.1089924
0.00042,560.9799182
0.00042,560.9799182
0.00043,560.850844
0.00043,560.850844
0.00044,560.7217698
0.00044,560.7217698
0.00045,560.5926956
0.00045,560.5926956
0.00046,560.4636214
0.00046,560.4636214
0.00047,560.3345472
0.00047,560.3345472
0.00048,560.205473
0.00048,560.205473
0.00049,560.0763988
0.00049,560.0763988
0.0005,559.9473246
0.0005,559.9473246
0.00051,559.8182504
0.00051,559.8182504
0.00052,559.6891762
0.00052,559.6891762
0.00053,559.560102
0.00053,559.560102
0.00054,559.4310278
0.00054,559.4310278
0.00055,559.3019536
0.00055,559.3019536
0.00056,559.1728794
0.00056,559.1728794
0.00057,559.0438052
0.00057,559.0438052
0.00058,558.914731
0.00058,558.914731
0.00059,558.7856568
0.00059,558.7856568
0.0006,558.6565826
0.0006,558.6565826
0.00061,558.5275084
0.00061,558.5275084
0.00062,558.3984342
0.00062,558.3984342
0.00063,558.26936
0.00063,558.26936
0.00064,558.1402858
0.00064,558.1402858
0.00065,558.0112116
0.00065,558.0112116
0.00066,557.8821374
0.00066,557.8821374
0.00067,557.7530632
0.00067,557.7530632
0.00068,557.623989
0.00068,557.623989
0.00069,557.4949148
0.00069,557.4949148
0.0007,557.3658406
0.0007,557.3658406
0.00071,557.2367664
0.00071,557.2367664
0.00072,557.1076922
0.00072,557.1076922
0.00073,556.978618
0.00073,556.978618
0.00074,556.8495438
0.00074,556.8495438
0.00075,556.7204696
0.00075,556.7204696
0.00076,556.5913954
0.00076,556.5913954
0.00077,556.4623212
0.00077,556.4623212
0.00078,556.333247
0.00078,556.333247
0.00079,556.2041728
0.00079,556.2041728
0.0008,556.0750986
0.0008,556.0750986
0.00081,555.9460244
0.00081,555.9460244
0.00082,555.8169502
0.00082,555.8169502
0.00083,555.687876
0.00083,555.687876
0.00084,555.5588018
0.00084,555.5588018
0.00085,555.4297276
0.00085,555.4297276
0.00086,555.3006534
0.00086,555.3006534
0.00087,555.1715792
0.00087,555.1715792
0.00088,555.042505
0.00088,555.042505
0.00089,554.9134308
0.00089,554.9134308
0.0009,554.7843566
0.0009,554.7843566
0.00091,554.6552824
0.00091,554.6552824
0.00092,554.5262082
0.00092,554.5262082
0.00093,554.397134
0.00093,554.397134
0.00094,554.2680598
0.00094,554.2680598
0.00095,554.1389856
0.00095,554.1389856
0.00096,554.0099114
0.00096,554.0099114
0.00097,553.8808372
0.00097,553.8808372
0.00098,553.751763
0.00098,553.751763
0.00099,553.6226888
0.00099,553.6226888
0.001,553.4936146
0.001,553.4936146
0.00101,553.3645404
0.00101,553.3645404
0.00102,553.2354662
0.00102,553.2354662
0.00103,553.106392
0.00103,553.106392
0.00104,552.9773178
0.00104,552.9773178
0.00105,552.8482436
0.00105,552.8482436
0.00106,552.7191694
0.00106,552.7191694
0.00107,552.5900952
0.00107,552.5900952
0.00108,552.461021
0.00108,552.461021
0.00109,552.3319468
0.00109,552.3319468
0.0011,552.2028726
0.0011,552.2028726
0.00111,552.0737984
0.00111,552.0737984
0.00112,551.9447242
0.00112,551.9447242
0.00113,551.81565
0.00113,551.81565
0.00114,551.6865758
0.00114,551.6865758
0.00115,551.5575016
0.00115,551.5575016
0.00116,551.4284274
0.00116,551.4284274
0.00117,551.2993532
0.00117,551.2993532
0.00118,551.170279
0.00118,551.170279
0.00119,551.0412048
0.00119,551.0412048
0.0012,550.9121306
0.0012,550.9121306
0.00121,550.7830564
0.00121,550.7830564
0.00122,550.6539822
0.00122,550.6539822
0.00123,550.524908
0.00123,550.524908
0.00124,550.3958338
0.00124,550.3958338
0.00125,550.2667596
0.00125,550.2667596
0.00126,550.1376854
0.00126,550.1376854
0.00127,550.0086112
0.00127,550.0086112
0.00128,549.879537
0.00128,549.879537
0.00129,549.7504628
0.00129,549.7504628
0.0013,549.6213886
0.0013,549.6213886
0.00131,549.4923144
0.00131,549.4923144
0.00132,549.3632402
0.00132,549.3632402
0.00133,549.234166
0.00133,549.234166
0.00134,549.1050918
0.00134,549.1050918
0.00135,548.9760176
0.00135,548.9760176
0.00136,548.8469434
0.00136,548.8469434
0.00137,548.7178692
0.00137,548.7178692
0.00138,548.588795
0.00138,548.588795
0.00139,548.4597208
0.00139,548.4597208
0.0014,548.3306466
0.0014,548.3306466
0.00141,548.2015724
0.00141,548.2015724
0.00142,548.0724982
0.00142,548.0724982
0.00143,547.943424
0.00143,547.943424
0.00144,547.8143498
0.00144,547.8143498
0.00145,547.6852756
0.00145,547.6852756
0.00146,547.5562014
0.00146,547.5562014
0.00147,547.4271272
0.00147,547.4271272
0.00148,547.298053
0.00148,547.298053
0.00149,547.1689788
0.00149,547.1689788
0.0015,547.0399046
0.0015,547.0399046
0.00151,546.9108304
0.00151,546.9108304
0.00152,546.7817562
0.00152,546.7817562
0.00153,546.652682
0.00153,546.652682
0.00154,546.5236078
0.00154,546.5236078
0.00155,546.3945336
0.00155,546.3945336
0.00156,546.2654594
0.00156,546.2654594
0.00157,546.1363852
0.00157,546.1363852
0.00158,546.007311
0.00158,546.007311
0.00159,545.8782368
0.00159,545.8782368
0.0016,545.7491626
0.0016,545.7491626
0.00161,545.6200884
0.00161,545.6200884
0.00162,545.4910142
0.00162,545.4910142
0.00163,545.36194
0.00163,545.36194
0.00164,545.2328658
0.00164,545.2328658
0.00165,545.1037916
0.00165,545.1037916
0.00166,544.9747174
0.00166,544.9747174
0.00167,544.8456432
0.00167,544.8456432
0.00168,544.716569
0.00168,544.716569
0.00169,544.5874948
0.00169,544.5874948
0.0017,544.4584206
0.0017,544.4584206
0.00171,544.3293464
0.00171,544.3293464
0.00172,544.2002722
0.00172,544.2002722
0.00173,544.071198
0.00173,544.071198
0.00174,543.9421238
0.00174,543.9421238
0.00175,543.8130496
0.00175,543.8130496
0.00176,543.6839754
0.00176,543.6839754
0.00177,543.5549012
0.00177,543.5549012
0.00178,543.425827
0.00178,543.425827
0.00179,543.2967528
0.00179,543.2967528
0.0018,543.1676786
0.0018,543.1676786
0.00181,543.0386044
0.00181,543.0386044
0.00182,542.9095302
0.00182,542.9095302
0.00183,542.780456
0.00183,542.780456
0.00184,542.6513818
0.00184,542.6513818
0.00185,542.5223076
0.00185,542.5223076
0.00186,542.3932334
0.00186,542.3932334
0.00187,542.2641592
0.00187,542.2641592
0.00188,542.135085
0.00188,542.135085
0.00189,542.0060108
0.00189,542.0060108
0.0019,541.8769366
0.0019,541.8769366
0.00191,541.7478624
0.00191,541.7478624
0.00192,541.6187882
0.00192,541.6187882
0.00193,541.489714
0.00193,541.489714
0.00194,541.3606398
0.00194,541.3606398
0.00195,541.2315656
0.00195,541.2315656
0.00196,541.1024914
0.00196,541.1024914
0.00197,540.9734172
0.00197,540.9734172
0.00198,540.844343
0.00198,540.844343
0.00199,540.7152688
0.00199,540.7152688
0.002,540.5861946
0.002,540.5861946
0.00201,540.4571204
0.00201,540.4571204
0.00202,540.3280462
0.00202,540.3280462
0.00203,540.198972
0.00203,540.198972
0.00204,540.0698978
0.00204,540.0698978
0.00205,539.9408236
0.00205,539.9408236
0.00206,539.8117494
0.00206,539.8117494
0.00207,539.6826752
0.00207,539.6826752
0.00208,539.553601
0.00208,539.553601
0.00209,539.4245268
0.00209,539.4245268
0.0021,539.2954526
0.0021,539.2954526
0.00211,539.1663784
0.00211,539.1663784
0.00212,539.0373042
0.00212,539.0373042
0.00213,538.90823
0.00213,538.90823
0.00214,538.7791558
0.00214,538.7791558
0.00215,538.6500816
0.00215,538.6500816
0.00216,538.5210074
0.00216,538.5210074
0.00217,538.3919332
0.00217,538.3919332
0.00218,538.262859
0.00218,538.262859
0.00219,538.1337848
0.00219,538.1337848
0.0022,538.0047106
0.0022,538.0047106
0.00221,537.8756364
0.00221,537.8756364
0.00222,537.7465622
0.00222,537.7465622
0.00223,537.617488
0.00223,537.617488
0.00224,537.4884138
0.00224,537.4884138
0.00225,537.3593396
0.00225,537.3593396
0.00226,537.2302654
0.00226,537.2302654
0.00227,537.1011912
0.00227,537.1011912
0.00228,536.972117
0.00228,536.972117
0.00229,536.8430428
0.00229,536.8430428
0.0023,536.7139686
0.0023,536.7139686
0.00231,536.5848944
0.00231,536.5848944
0.00232,536.4558202
0.00232,536.4558202
0.00233,536.326746
0.00233,536.326746
0.00234,536.1976718
0.00234,536.1976718
0.00235,536.0685976
0.00235,536.0685976
0.00236,535.9395234
0.00236,535.9395234
0.00237,535.8104492
0.00237,535.8104492
0.00238,535.681375
0.00238,535.681375
0.00239,535.5523008
0.00239,535.5523008
0.0024,498.3033172
0.0024,498.3033172
0.00241,453.2869564
0.00241,453.2869564
0.00242,408.2705955
0.00242,408.2705955
0.00243,363.2542347
0.00243,363.2542347
0.00244,318.2378738
0.00244,318.2378738
0.00245,273.221513
0.00245,273.221513
0.00246,228.2051522
0.00246,228.2051522
0.00247,183.1887913
0.00247,183.1887913
0.00248,138.1724305
0.00248,138.1724305
0.00249,93.15606963
0.00249,93.15606963
0.0025,48.13970879
0.0025,48.13970879
0.00251,3.123347953
0.00251,3.123347953
0.00252,0
0.00252,0
0.00253,0
0.00253,0
0.00254,0
0.00254,0
0.00255,0
0.00255,0
0.00256,0
0.00256,0
0.00257,0
0.00257,0
0.00258,0
0.00258,0
0.00259,0
0.00259,0
0.0026,0
0.0026,0
0.00261,0
0.00261,0
0.00262,0
0.00262,0
0.00263,0
0.00263,0
0.00264,0
0.00264,0
0.00265,0
0.00265,0
0.00266,0
0.00266,0
0.00267,0
0.00267,0
0.00268,0
0.00268,0
0.00269,0
0.00269,0
0.0027,0
0.0027,0
0.00271,0
0.00271,0
0.00272,0
0.00272,0
0.00273,0
0.00273,0
0.00274,0
0.00274,0
0.00275,0
0.00275,0
0.00276,0
0.00276,0
0.00277,0
0.00277,0
0.00278,0
0.00278,0
0.00279,0
0.00279,0
0.0028,0
0.0028,0
0.00281,0
0.00281,0
0.00282,0
0.00282,0
0.00283,0
0.00283,0
0.00284,0
0.00284,0
0.00285,0
0.00285,0
0.00286,0
0.00286,0
0.00287,0
0.00287,0
0.00288,0
0.00288,0
0.00289,0
0.00289,0
0.0029,0
0.0029,0
0.00291,0
0.00291,0
0.00292,0
0.00292,0
0.00293,0
0.00293,0
0.00294,0
0.00294,0
0.00295,0
0.00295,0
0.00296,0
0.00296,0
0.00297,0
0.00297,0
0.00298,0
0.00298,0
0.00299,0
0.00299,0
0.003,0
0.003,0
0.00301,0
0.00301,0
0.00302,0
0.00302,0
0.00303,0
0.00303,0
0.00304,0
0.00304,0
0.00305,0
0.00305,0
0.00306,0
0.00306,0
0.00307,0
0.00307,0
0.00308,0
0.00308,0
0.00309,0
0.00309,0
0.0031,0
0.0031,0
0.00311,0
0.00311,0
0.00312,0
0.00312,0
0.00313,0
0.00313,0
0.00314,0
0.00314,0
0.00315,0
0.00315,0
0.00316,0
0.00316,0
0.00317,0
0.00317,0
0.00318,0
0.00318,0
0.00319,0
0.00319,0
0.0032,0
0.0032,0
0.00321,0
0.00321,0
0.00322,0
0.00322,0
0.00323,0
0.00323,0
0.00324,0
0.00324,0
0.00325,0
0.00325,0
0.00326,0
0.00326,0
0.00327,0
0.00327,0
0.00328,0
0.00328,0
0.00329,0
0.00329,0
0.0033,0
0.0033,0
0.00331,0
0.00331,0
0.00332,0
0.00332,0
0.00333,0
0.00333,0
0.00334,0
0.00334,0
0.00335,0
0.00335,0
0.00336,0
0.00336,0
0.00337,0
0.00337,0
0.00338,0
0.00338,0
0.00339,0
0.00339,0
0.0034,0
0.0034,0
0.00341,0
0.00341,0
0.00342,0
0.00342,0
0.00343,0
0.00343,0
0.00344,0
0.00344,0
0.00345,0
0.00345,0
0.00346,0
0.00346,0
0.00347,0
0.00347,0
0.00348,0
0.00348,0
0.00349,0
0.00349,0
0.0035,0
0.0035,0
0.00351,0
0.00351,0
0.00352,0
0.00352,0
0.00353,0
0.00353,0
0.00354,0
0.00354,0
0.00355,0
0.00355,0
0.00356,0
0.00356,0
0.00357,0
0.00357,0
0.00358,0
0.00358,0
0.00359,0
0.00359,0
0.0036,0
0.0036,0
0.00361,0
0.00361,0
0.00362,0
0.00362,0
0.00363,0
0.00363,0
0.00364,0
0.00364,0
0.00365,0
0.00365,0
0.00366,0
0.00366,0
0.00367,0
0.00367,0
0.00368,0
0.00368,0
0.00369,0
0.00369,0
0.0037,0
0.0037,0
0.00371,0
0.00371,0
0.00372,0
0.00372,0
0.00373,0
0.00373,0
0.00374,0
0.00374,0
0.00375,0
0.00375,0
0.00376,0
0.00376,0
0.00377,0
0.00377,0
0.00378,0
0.00378,0
0.00379,0
0.00379,0
0.0038,0
0.0038,0
0.00381,0
0.00381,0
0.00382,0
0.00382,0
0.00383,0
0.00383,0
0.00384,0
0.00384,0
0.00385,0
0.00385,0
0.00386,0
0.00386,0
0.00387,0
0.00387,0
0.00388,0
0.00388,0
0.00389,0
0.00389,0
0.0039,0
0.0039,0
0.00391,0
0.00391,0
0.00392,0
0.00392,0
0.00393,0
0.00393,0
0.00394,0
0.00394,0
0.00395,0
0.00395,0
0.00396,0
0.00396,0
0.00397,0
0.00397,0
0.00398,0
0.00398,0
0.00399,0
0.00399,0
0.004,0
0.004,0
0.00401,0
0.00401,0
0.00402,0
0.00402,0
0.00403,0
0.00403,0
0.00404,0
0.00404,0
0.00405,0
0.00405,0
0.00406,0
0.00406,0
0.00407,0
0.00407,0
0.00408,0
0.00408,0
0.00409,0
0.00409,0
0.0041,0
0.0041,0
0.00411,0
0.00411,0
0.00412,0
0.00412,0
0.00413,0
0.00413,0
0.00414,0
0.00414,0
0.00415,0
0.00415,0
0.00416,0
0.00416,0
0.00417,0
0.00417,0
0.00418,0
0.00418,0
0.00419,0
0.00419,0
0.0042,0
0.0042,0
0.00421,0
0.00421,0
0.00422,0
0.00422,0
0.00423,0
0.00423,0
0.00424,0
0.00424,0
0.00425,0
0.00425,0
0.00426,0
0.00426,0
0.00427,0
0.00427,0
0.00428,0
0.00428,0
0.00429,0
0.00429,0
0.0043,0
0.0043,0
0.00431,0
0.00431,0
0.00432,0
0.00432,0
0.00433,0
0.00433,0
0.00434,0
0.00434,0
0.00435,0
0.00435,0
0.00436,0
0.00436,0
0.00437,0
0.00437,0
0.00438,0
0.00438,0
0.00439,0
0.00439,0
0.0044,0
0.0044,0
0.00441,0
0.00441,0
0.00442,0
0.00442,0
0.00443,0
0.00443,0
0.00444,0
0.00444,0
0.00445,0
0.00445,0
0.00446,0
0.00446,0
0.00447,0
0.00447,0
0.00448,0
0.00448,0
0.00449,0
0.00449,0
0.0045,0
0.0045,0
0.00451,0
0.00451,0
0.00452,0
0.00452,0
0.00453,0
0.00453,0
0.00454,0
0.00454,0
0.00455,0
0.00455,0
0.00456,0
0.00456,0
0.00457,0
0.00457,0
0.00458,0
0.00458,0
0.00459,0
0.00459,0
0.0046,0
0.0046,0
0.00461,0
0.00461,0
0.00462,0
0.00462,0
0.00463,0
0.00463,0
0.00464,0
0.00464,0
0.00465,0
0.00465,0
0.00466,0
0.00466,0
0.00467,0
0.00467,0
0.00468,0
0.00468,0
0.00469,0
0.00469,0
0.0047,0
0.0047,0
0.00471,0
0.00471,0
0.00472,0
0.00472,0
0.00473,0
0.00473,0
0.00474,0
0.00474,0
0.00475,0
0.00475,0
0.00476,0
0.00476,0
0.00477,0
0.00477,0
0.00478,0
0.00478,0
0.00479,0
0.00479,0
0.0048,0
0.0048,0
0.00481,0
0.00481,0
0.00482,0
0.00482,0
0.00483,0
0.00483,0
0.00484,0
0.00484,0
0.00485,0
0.00485,0
0.00486,0
0.00486,0
0.00487,0
0.00487,0
0.00488,0
0.00488,0
0.00489,0
0.00489,0
0.0049,0
0.0049,0
0.00491,0
0.00491,0
0.00492,0
0.00492,0
0.00493,0
0.00493,0
0.00494,0
0.00494,0
0.00495,0
0.00495,0
0.00496,0
0.00496,0
0.00497,0
0.00497,0
0.00498,0
0.00498,0
0.00499,0
0.00499,0
0.005,0
0.005,0
0.00501,0
0.00501,0
0.00502,0
0.00502,0
0.00503,0
0.00503,0
0.00504,0
0.00504,0
0.00505,0
0.00505,0
0.00506,0
0.00506,0
0.00507,0
0.00507,0
0.00508,0
0.00508,0
0.00509,0
0.00509,0
0.0051,0
0.0051,0
0.00511,0
0.00511,0
0.00512,0
0.00512,0
0.00513,0
0.00513,0
0.00514,0
0.00514,0
0.00515,0
0.00515,0
0.00516,0
0.00516,0
0.00517,0
0.00517,0
0.00518,0
0.00518,0
0.00519,0
0.00519,0
0.0052,0
0.0052,0
0.00521,0
0.00521,0
0.00522,0
0.00522,0
0.00523,0
0.00523,0
0.00524,0
0.00524,0
0.00525,0
0.00525,0
0.00526,0
0.00526,0
0.00527,0
0.00527,0
0.00528,0
0.00528,0
0.00529,0
0.00529,0
0.0053,0
0.0053,0
0.00531,0
0.00531,0
0.00532,0
0.00532,0
0.00533,0
0.00533,0
0.00534,0
0.00534,0
0.00535,0
0.00535,0
0.00536,0
0.00536,0
0.00537,0
0.00537,0
0.00538,0
0.00538,0
0.00539,0
0.00539,0
0.0054,0
0.0054,0
0.00541,0
0.00541,0
0.00542,0
0.00542,0
0.00543,0
0.00543,0
0.00544,0
0.00544,0
0.00545,0
0.00545,0
0.00546,0
0.00546,0
0.00547,0
0.00547,0
0.00548,0
0.00548,0
0.00549,0
0.00549,0
0.0055,0
0.0055,0
0.00551,0
0.00551,0
0.00552,0
0.00552,0
0.00553,0
0.00553,0
0.00554,0
0.00554,0
0.00555,0
0.00555,0
0.00556,0
0.00556,0
0.00557,0
0.00557,0
0.00558,0
0.00558,0
0.00559,0
0.00559,0
0.0056,0
0.0056,0
0.00561,0
0.00561,0
0.00562,0
0.00562,0
0.00563,0
0.00563,0
0.00564,0
0.00564,0
0.00565,0
0.00565,0
0.00566,0
0.00566,0
0.00567,0
0.00567,0
0.00568,0
0.00568,0
0.00569,0
0.00569,0
0.0057,0
0.0057,0
0.00571,0
0.00571,0
0.00572,0
0.00572,0
0.00573,0
0.00573,0
0.00574,0
0.00574,0
0.00575,0
0.00575,0
0.00576,0
0.00576,0
0.00577,0
0.00577,0
0.00578,0
0.00578,0
0.00579,0
0.00579,0
0.0058,0
0.0058,0
0.00581,0
0.00581,0
0.00582,0
0.00582,0
0.00583,0
0.00583,0
0.00584,0
0.00584,0
0.00585,0
0.00585,0
0.00586,0
0.00586,0
0.00587,0
0.00587,0
0.00588,0
0.00588,0
0.00589,0
0.00589,0
0.0059,0
0.0059,0
0.00591,0
0.00591,0
0.00592,0
0.00592,0
0.00593,0
0.00593,0
0.00594,0
0.00594,0
0.00595,0
0.00595,0
0.00596,0
0.00596,0
0.00597,0
0.00597,0
0.00598,0
0.00598,0
0.00599,0
0.00599,0
0.006,0
0.006,0
0.00601,0
0.00601,0
0.00602,0
0.00602,0
0.00603,0
0.00603,0
0.00604,0
0.00604,0
0.00605,0
0.00605,0
0.00606,0
0.00606,0
0.00607,0
0.00607,0
0.00608,0
0.00608,0
0.00609,0
0.00609,0
0.0061,0
0.0061,0
0.00611,0
0.00611,0
0.00612,0
0.00612,0
0.00613,0
0.00613,0
0.00614,0
0.00614,0
0.00615,0
0.00615,0
0.00616,0
0.00616,0
0.00617,0
0.00617,0
0.00618,0
0.00618,0
0.00619,0
0.00619,0
0.0062,0
0.0062,0
0.00621,0
0.00621,0
0.00622,0
0.00622,0
0.00623,0
0.00623,0
0.00624,0
0.00624,0
0.00625,0
0.00625,0
0.00626,0
0.00626,0
0.00627,0
0.00627,0
0.00628,0
0.00628,0
0.00629,0
0.00629,0
0.0063,0
0.0063,0
0.00631,0
0.00631,0
0.00632,0
0.00632,0
0.00633,0
0.00633,0
0.00634,0
0.00634,0
0.00635,0
0.00635,0
0.00636,0
0.00636,0
0.00637,0
0.00637,0
0.00638,0
0.00638,0
0.00639,0
0.00639,0
0.0064,0
0.0064,0
0.00641,0
0.00641,0
0.00642,0
0.00642,0
0.00643,0
0.00643,0
0.00644,0
0.00644,0
0.00645,0
0.00645,0
0.00646,0
0.00646,0
0.00647,0
0.00647,0
0.00648,0
0.00648,0
0.00649,0
0.00649,0
0.0065,0
0.0065,0
0.00651,0
0.00651,0
0.00652,0
0.00652,0
0.00653,0
0.00653,0
0.00654,0
0.00654,0
0.00655,0
0.00655,0
0.00656,0
0.00656,0
0.00657,0
0.00657,0
0.00658,0
0.00658,0
0.00659,0
0.00659,0
0.0066,0
0.0066,0
0.00661,0
0.00661,0
0.00662,0
0.00662,0
0.00663,0
0.00663,0
0.00664,0
0.00664,0
0.00665,0
0.00665,0
0.00666,0
0.00666,0
0.00667,0
0.00667,0
0.00668,0
0.00668,0
0.00669,0
0.00669,0
0.0067,0
0.0067,0
0.00671,0
0.00671,0
0.00672,0
0.00672,0
0.00673,0
0.00673,0
0.00674,0
0.00674,0
0.00675,0
0.00675,0
0.00676,0
0.00676,0
0.00677,0
0.00677,0
0.00678,0
0.00678,0
0.00679,0
0.00679,0
0.0068,0
0.0068,0
0.00681,0
0.00681,0
0.00682,0
0.00682,0
0.00683,0
0.00683,0
0.00684,0
0.00684,0
0.00685,0
0.00685,0
0.00686,0
0.00686,0
0.00687,0
0.00687,0
0.00688,0
0.00688,0
0.00689,0
0.00689,0
0.0069,0
0.0069,0
0.00691,0
0.00691,0
0.00692,0
0.00692,0
0.00693,0
0.00693,0
0.00694,0
0.00694,0
0.00695,0
0.00695,0
0.00696,0
0.00696,0
0.00697,0
0.00697,0
0.00698,0
0.00698,0
0.00699,0
0.00699,0
0.007,0
0.007,0
0.00701,0
0.00701,0
0.00702,0
0.00702,0
0.00703,0
0.00703,0
0.00704,0
0.00704,0
0.00705,0
0.00705,0
0.00706,0
0.00706,0
0.00707,0
0.00707,0
0.00708,0
0.00708,0
0.00709,0
0.00709,0
0.0071,0
0.0071,0
0.00711,0
0.00711,0
0.00712,0
0.00712,0
0.00713,0
0.00713,0
0.00714,0
0.00714,0
0.00715,0
0.00715,0
0.00716,0
0.00716,0
0.00717,0
0.00717,0
0.00718,0
0.00718,0
0.00719,0
0.00719,0
0.0072,0
0.0072,0
0.00721,0
0.00721,0
0.00722,0
0.00722,0
0.00723,0
0.00723,0
0.00724,0
0.00724,0
0.00725,0
0.00725,0
0.00726,0
0.00726,0
0.00727,0
0.00727,0
0.00728,0
0.00728,0
0.00729,0
0.00729,0
0.0073,0
0.0073,0
0.00731,0
0.00731,0
0.00732,0
0.00732,0
0.00733,0
0.00733,0
0.00734,0
0.00734,0
0.00735,0
0.00735,0
0.00736,0
0.00736,0
0.00737,0
0.00737,0
0.00738,0
0.00738,0
0.00739,0
0.00739,0
0.0074,0
0.0074,0
0.00741,0
0.00741,0
0.00742,0
0.00742,0
0.00743,0
0.00743,0
0.00744,0
0.00744,0
0.00745,0
0.00745,0
0.00746,0
0.00746,0
0.00747,0
0.00747,0
0.00748,0
0.00748,0
0.00749,0
0.00749,0
0.0075,0
0.0075,0
0.00751,0
0.00751,0
0.00752,0
0.00752,0
0.00753,0
0.00753,0
0.00754,0
0.00754,0
0.00755,0
0.00755,0
0.00756,0
0.00756,0
0.00757,0
0.00757,0
0.00758,0
0.00758,0
0.00759,0
0.00759,0
0.0076,0
0.0076,0
0.00761,0
0.00761,0
0.00762,0
0.00762,0
0.00763,0
0.00763,0
0.00764,0
0.00764,0
0.00765,0
0.00765,0
0.00766,0
0.00766,0
0.00767,0
0.00767,0
0.00768,0
0.00768,0
0.00769,0
0.00769,0
0.0077,0
0.0077,0
0.00771,0
0.00771,0
0.00772,0
0.00772,0
0.00773,0
0.00773,0
0.00774,0
0.00774,0
0.00775,0
0.00775,0
0.00776,0
0.00776,0
0.00777,0
0.00777,0
0.00778,0
0.00778,0
0.00779,0
0.00779,0
0.0078,0
0.0078,0
0.00781,0
0.00781,0
0.00782,0
0.00782,0
0.00783,0
0.00783,0
0.00784,0
0.00784,0
0.00785,0
0.00785,0
0.00786,0
0.00786,0
0.00787,0
0.00787,0
0.00788,0
0.00788,0
0.00789,0
0.00789,0
0.0079,0
0.0079,0
0.00791,0
0.00791,0
0.00792,0
0.00792,0
0.00793,0
0.00793,0
0.00794,0
0.00794,0
0.00795,0
0.00795,0
0.00796,0
0.00796,0
0.00797,0
0.00797,0
0.00798,0
0.00798,0
0.00799,0
0.00799,0
0.008,0
0.008,0
0.00801,0
0.00801,0
0.00802,0
0.00802,0
0.00803,0
0.00803,0
0.00804,0
0.00804,0
0.00805,0
0.00805,0
0.00806,0
0.00806,0
0.00807,0
0.00807,0
0.00808,0
0.00808,0
0.00809,0
0.00809,0
0.0081,0
0.0081,0
0.00811,0
0.00811,0
0.00812,0
0.00812,0
0.00813,0
0.00813,0
0.00814,0
0.00814,0
0.00815,0
0.00815,0
0.00816,0
0.00816,0
0.00817,0
0.00817,0
0.00818,0
0.00818,0
0.00819,0
0.00819,0
0.0082,0
0.0082,0
0.00821,0
0.00821,0
0.00822,0
0.00822,0
0.00823,0
0.00823,0
0.00824,0
0.00824,0
0.00825,0
0.00825,0
0.00826,0
0.00826,0
0.00827,0
0.00827,0
0.00828,0
0.00828,0
0.00829,0
0.00829,0
0.0083,0
0.0083,0
0.00831,0
0.00831,0
0.00832,0
0.00832,0
0.00833,0
0.00833,0
0.00834,0
0.00834,0
0.00835,0
0.00835,0
0.00836,0
0.00836,0
0.00837,0
0.00837,0
0.00838,0
0.00838,0
0.00839,0
0.00839,0
0.0084,0
0.0084,0
0.00841,0
0.00841,0
0.00842,0
0.00842,0
0.00843,0
0.00843,0
0.00844,0
0.00844,0
0.00845,0
0.00845,0
0.00846,0
0.00846,0
0.00847,0
0.00847,0
0.00848,0
0.00848,0
0.00849,0
0.00849,0
0.0085,0
0.0085,0
0.00851,0
0.00851,0
0.00852,0
0.00852,0
0.00853,0
0.00853,0
0.00854,0
0.00854,0
0.00855,0
0.00855,0
0.00856,0
0.00856,0
0.00857,0
0.00857,0
0.00858,0
0.00858,0
0.00859,0
0.00859,0
0.0086,0
0.0086,0
0.00861,0
0.00861,0
0.00862,0
0.00862,0
0.00863,0
0.00863,0
0.00864,0
0.00864,0
0.00865,0
0.00865,0
0.00866,0
0.00866,0
0.00867,0
0.00867,0
0.00868,0
0.00868,0
0.00869,0
0.00869,0
0.0087,0
0.0087,0
0.00871,0
0.00871,0
0.00872,0
0.00872,0
0.00873,0
0.00873,0
0.00874,0
0.00874,0
0.00875,0
0.00875,0
0.00876,0
0.00876,0
0.00877,0
0.00877,0
0.00878,0
0.00878,0
0.00879,0
0.00879,0
0.0088,0
0.0088,0
0.00881,0
0.00881,0
0.00882,0
0.00882,0
0.00883,0
0.00883,0
0.00884,0
0.00884,0
0.00885,0
0.00885,0
0.00886,0
0.00886,0
0.00887,0
0.00887,0
0.00888,0
0.00888,0
0.00889,0
0.00889,0
0.0089,0
0.0089,0
0.00891,0
0.00891,0
0.00892,0
0.00892,0
0.00893,0
0.00893,0
0.00894,0
0.00894,0
0.00895,0
0.00895,0
0.00896,0
0.00896,0
0.00897,0
0.00897,0
0.00898,0
0.00898,0
0.00899,0
0.00899,0
0.009,0
0.009,0
0.00901,0
0.00901,0
0.00902,0
0.00902,0
0.00903,0
0.00903,0
0.00904,0
0.00904,0
0.00905,0
0.00905,0
0.00906,0
0.00906,0
0.00907,0
0.00907,0
0.00908,0
0.00908,0
0.00909,0
0.00909,0
0.0091,0
0.0091,0
0.00911,0
0.00911,0
0.00912,0
0.00912,0
0.00913,0
0.00913,0
0.00914,0
0.00914,0
0.00915,0
0.00915,0
0.00916,0
0.00916,0
0.00917,0
0.00917,0
0.00918,0
0.00918,0
0.00919,0
0.00919,0
0.0092,0
0.0092,0
0.00921,0
0.00921,0
0.00922,0
0.00922,0
0.00923,0
0.00923,0
0.00924,0
0.00924,0
0.00925,0
0.00925,0
0.00926,0
0.00926,0
0.00927,0
0.00927,0
0.00928,0
0.00928,0
0.00929,0
0.00929,0
0.0093,0
0.0093,0
0.00931,0
0.00931,0
0.00932,0
0.00932,0
0.00933,0
0.00933,0
0.00934,0
0.00934,0
0.00935,0
0.00935,0
0.00936,0
0.00936,0
0.00937,0
0.00937,0
0.00938,0
0.00938,0
0.00939,0
0.00939,0
0.0094,0
0.0094,0
0.00941,0
0.00941,0
0.00942,0
0.00942,0
0.00943,0
0.00943,0
0.00944,0
0.00944,0
0.00945,0
0.00945,0
0.00946,0
0.00946,0
0.00947,0
0.00947,0
0.00948,0
0.00948,0
0.00949,0
0.00949,0
0.0095,0
0.0095,0
0.00951,0
0.00951,0
0.00952,0
0.00952,0
0.00953,0
0.00953,0
0.00954,0
0.00954,0
0.00955,0
0.00955,0
0.00956,0
0.00956,0
0.00957,0
0.00957,0
0.00958,0
0.00958,0
0.00959,0
0.00959,0
0.0096,0
0.0096,0
0.00961,0
0.00961,0
0.00962,0
0.00962,0
0.00963,0
0.00963,0
0.00964,0
0.00964,0
0.00965,0
0.00965,0
0.00966,0
0.00966,0
0.00967,0
0.00967,0
0.00968,0
0.00968,0
0.00969,0
0.00969,0
0.0097,0
0.0097,0
0.00971,0
0.00971,0
0.00972,0
0.00972,0
0.00973,0
0.00973,0
0.00974,0
0.00974,0
0.00975,0
0.00975,0
0.00976,0
0.00976,0
0.00977,0
0.00977,0
0.00978,0
0.00978,0
0.00979,0
0.00979,0
0.0098,0
0.0098,0
0.00981,0
0.00981,0
0.00982,0
0.00982,0
0.00983,0
0.00983,0
0.00984,0
0.00984,0
0.00985,0
0.00985,0
0.00986,0
0.00986,0
0.00987,0
0.00987,0
0.00988,0
0.00988,0
0.00989,0
0.00989,0
0.0099,0
0.0099,0
0.00991,0
0.00991,0
0.00992,0
0.00992,0
0.00993,0
0.00993,0
0.00994,0
0.00994,0
0.00995,0
0.00995,0
0.00996,0
0.00996,0
0.00997,0
0.00997,0
0.00998,0
0.00998,0
0.00999,0
0.00999,0
0.01,0
0.01,0
0.01001,0
0.01001,0
0.01002,0
0.01002,0
0.01003,0
0.01003,0
0.01004,0
0.01004,0
0.01005,0
0.01005,0
0.01006,0
0.01006,0
0.01007,0
0.01007,0
0.01008,0
0.01008,0
0.01009,0
0.01009,0
0.0101,0
0.0101,0
0.01011,0
0.01011,0
0.01012,0
0.01012,0
0.01013,0
0.01013,0
0.01014,0
0.01014,0
0.01015,0
0.01015,0
0.01016,0
0.01016,0
0.01017,0
0.01017,0
0.01018,0
0.01018,0
0.01019,0
0.01019,0
0.0102,0
0.0102,0
0.01021,0
0.01021,0
0.01022,0
0.01022,0
0.01023,0
0.01023,0
0.01024,0
0.01024,0
0.01025,0
0.01025,0
0.01026,0
0.01026,0
0.01027,0
0.01027,0
0.01028,0
0.01028,0
0.01029,0
0.01029,0
0.0103,0
0.0103,0
0.01031,0
0.01031,0
0.01032,0
0.01032,0
0.01033,0
0.01033,0
0.01034,0
0.01034,0
0.01035,0
0.01035,0
0.01036,0
0.01036,0
0.01037,0
0.01037,0
0.01038,0
0.01038,0
0.01039,0
0.01039,0
0.0104,0
0.0104,0
0.01041,0
0.01041,0
0.01042,0
0.01042,0
0.01043,0
0.01043,0
0.01044,0
0.01044,0
0.01045,0
0.01045,0
0.01046,0
0.01046,0
0.01047,0
0.01047,0
0.01048,0
0.01048,0
0.01049,0
0.01049,0
0.0105,0
0.0105,0
0.01051,0
0.01051,0
0.01052,0
0.01052,0
0.01053,0
0.01053,0
0.01054,0
0.01054,0
0.01055,0
0.01055,0
0.01056,0
0.01056,0
0.01057,0
0.01057,0
0.01058,0
0.01058,0
0.01059,0
0.01059,0
0.0106,0
0.0106,0
0.01061,0
0.01061,0
0.01062,0
0.01062,0
0.01063,0
0.01063,0
0.01064,0
0.01064,0
0.01065,0
0.01065,0
0.01066,0
0.01066,0
0.01067,0
0.01067,0
0.01068,0
0.01068,0
0.01069,0
0.01069,0
0.0107,0
0.0107,0
0.01071,0
0.01071,0
0.01072,0
0.01072,0
0.01073,0
0.01073,0
0.01074,0
0.01074,0
0.01075,0
0.01075,0
0.01076,0
0.01076,0
0.01077,0
0.01077,0
0.01078,0
0.01078,0
0.01079,0
0.01079,0
0.0108,0
0.0108,0
0.01081,0
0.01081,0
0.01082,0
0.01082,0
0.01083,0
0.01083,0
0.01084,0
0.01084,0
0.01085,0
0.01085,0
0.01086,0
0.01086,0
0.01087,0
0.01087,0
0.01088,0
0.01088,0
0.01089,0
0.01089,0
0.0109,0
0.0109,0
0.01091,0
0.01091,0
0.01092,0
0.01092,0
0.01093,0
0.01093,0
0.01094,0
0.01094,0
0.01095,0
0.01095,0
0.01096,0
0.01096,0
0.01097,0
0.01097,0
0.01098,0
0.01098,0
0.01099,0
0.01099,0
0.011,0
0.011,0
0.01101,0
0.01101,0
0.01102,0
0.01102,0
0.01103,0
0.01103,0
0.01104,0
0.01104,0
0.01105,0
0.01105,0
0.01106,0
0.01106,0
0.01107,0
0.01107,0
0.01108,0
0.01108,0
0.01109,0
0.01109,0
0.0111,0
0.0111,0
0.01111,0
0.01111,0
0.01112,0
0.01112,0
0.01113,0
0.01113,0
0.01114,0
0.01114,0
0.01115,0
0.01115,0
0.01116,0
0.01116,0
0.01117,0
0.01117,0
0.01118,0
0.01118,0
0.01119,0
0.01119,0
0.0112,0
0.0112,0
0.01121,0
0.01121,0
0.01122,0
0.01122,0
0.01123,0
0.01123,0
0.01124,0
0.01124,0
0.01125,0
0.01125,0
0.01126,0
0.01126,0
0.01127,0
0.01127,0
0.01128,0
0.01128,0
0.01129,0
0.01129,0
0.0113,0
0.0113,0
0.01131,0
0.01131,0
0.01132,0
0.01132,0
0.01133,0
0.01133,0
0.01134,0
0.01134,0
0.01135,0
0.01135,0
0.01136,0
0.01136,0
0.01137,0
0.01137,0
0.01138,0
0.01138,0
0.01139,0
0.01139,0
0.0114,0
0.0114,0
0.01141,0
0.01141,0
0.01142,0
0.01142,0
0.01143,0
0.01143,0
0.01144,0
0.01144,0
0.01145,0
0.01145,0
0.01146,0
0.01146,0
0.01147,0
0.01147,0
0.01148,0
0.01148,0
0.01149,0
0.01149,0
0.0115,0
0.0115,0
0.01151,0
0.01151,0
0.01152,0
0.01152,0
0.01153,0
0.01153,0
0.01154,0
0.01154,0
0.01155,0
0.01155,0
0.01156,0
0.01156,0
0.01157,0
0.01157,0
0.01158,0
0.01158,0
0.01159,0
0.01159,0
0.0116,0
0.0116,0
0.01161,0
0.01161,0
0.01162,0
0.01162,0
0.01163,0
0.01163,0
0.01164,0
0.01164,0
0.01165,0
0.01165,0
0.01166,0
0.01166,0
0.01167,0
0.01167,0
0.01168,0
0.01168,0
0.01169,0
0.01169,0
0.0117,0
0.0117,0
0.01171,0
0.01171,0
0.01172,0
0.01172,0
0.01173,0
0.01173,0
0.01174,0
0.01174,0
0.01175,0
0.01175,0
0.01176,0
0.01176,0
0.01177,0
0.01177,0
0.01178,0
0.01178,0
0.01179,0
0.01179,0
0.0118,0
0.0118,0
0.01181,0
0.01181,0
0.01182,0
0.01182,0
0.01183,0
0.01183,0
0.01184,0
0.01184,0
0.01185,0
0.01185,0
0.01186,0
0.01186,0
0.01187,0
0.01187,0
0.01188,0
0.01188,0
0.01189,0
0.01189,0
0.0119,0
0.0119,0
0.01191,0
0.01191,0
0.01192,0
0.01192,0
0.01193,0
0.01193,0
0.01194,0
0.01194,0
0.01195,0
0.01195,0
0.01196,0
0.01196,0
0.01197,0
0.01197,0
0.01198,0
0.01198,0
0.01199,0
0.01199,0
0.012,0
0.012,0
0.01201,0
0.01201,0
0.01202,0
0.01202,0
0.01203,0
0.01203,0
0.01204,0
0.01204,0
0.01205,0
0.01205,0
0.01206,0
0.01206,0
0.01207,0
0.01207,0
0.01208,0
0.01208,0
0.01209,0
0.01209,0
0.0121,0
0.0121,0
0.01211,0
0.01211,0
0.01212,0
0.01212,0
0.01213,0
0.01213,0
0.01214,0
0.01214,0
0.01215,0
0.01215,0
0.01216,0
0.01216,0
0.01217,0
0.01217,0
0.01218,0
0.01218,0
0.01219,0
0.01219,0
0.0122,0
0.0122,0
0.01221,0
0.01221,0
0.01222,0
0.01222,0
0.01223,0
0.01223,0
0.01224,0
0.01224,0
0.01225,0
0.01225,0
0.01226,0
0.01226,0
0.01227,0
0.01227,0
0.01228,0
0.01228,0
0.01229,0
0.01229,0
0.0123,0
0.0123,0
0.01231,0
0.01231,0
0.01232,0
0.01232,0
0.01233,0
0.01233,0
0.01234,0
0.01234,0
0.01235,0
0.01235,0
0.01236,0
0.01236,0
0.01237,0
0.01237,0
0.01238,0
0.01238,0
0.01239,0
0.01239,0
0.0124,0
0.0124,0
0.01241,0
0.01241,0
0.01242,0
0.01242,0
0.01243,0
0.01243,0
0.01244,0
0.01244,0
0.01245,0
0.01245,0
0.01246,0
0.01246,0
0.01247,0
0.01247,0
0.01248,0
0.01248,0
0.01249,0
0.01249,0
0.0125,0
0.0125,0
0.01251,0
0.01251,0
0.01252,0
0.01252,0
0.01253,0
0.01253,0
0.01254,0
0.01254,0
0.01255,0
0.01255,0
0.01256,0
0.01256,0
0.01257,0
0.01257,0
0.01258,0
0.01258,0
0.01259,0
0.01259,0
0.0126,0
0.0126,0
0.01261,0
0.01261,0
0.01262,0
0.01262,0
0.01263,0
0.01263,0
0.01264,0
0.01264,0
0.01265,0
0.01265,0
0.01266,0
0.01266,0
0.01267,0
0.01267,0
0.01268,0
0.01268,0
0.01269,0
0.01269,0
0.0127,0
0.0127,0
0.01271,0
0.01271,0
0.01272,0
0.01272,0
0.01273,0
0.01273,0
0.01274,0
0.01274,0
0.01275,0
0.01275,0
0.01276,0
0.01276,0
0.01277,0
0.01277,0
0.01278,0
0.01278,0
0.01279,0
0.01279,0
0.0128,0
0.0128,0
0.01281,0
0.01281,0
0.01282,0
0.01282,0
0.01283,0
0.01283,0
0.01284,0
0.01284,0
0.01285,0
0.01285,0
0.01286,0
0.01286,0
0.01287,0
0.01287,0
0.01288,0
0.01288,0
0.01289,0
0.01289,0
0.0129,0
0.0129,0
0.01291,0
0.01291,0
0.01292,0
0.01292,0
0.01293,0
0.01293,0
0.01294,0
0.01294,0
0.01295,0
0.01295,0
0.01296,0
0.01296,0
0.01297,0
0.01297,0
0.01298,0
0.01298,0
0.01299,0
0.01299,0
0.013,0
0.013,0
0.01301,0
0.01301,0
0.01302,0
0.01302,0
0.01303,0
0.01303,0
0.01304,0
0.01304,0
0.01305,0
0.01305,0
0.01306,0
0.01306,0
0.01307,0
0.01307,0
0.01308,0
0.01308,0
0.01309,0
0.01309,0
0.0131,0
0.0131,0
0.01311,0
0.01311,0
0.01312,0
0.01312,0
0.01313,0
0.01313,0
0.01314,0
0.01314,0
0.01315,0
0.01315,0
0.01316,0